Name,Ingredients, SPF
Minimalist Sunscreen SPF 50 Lightweight with Multi-Vitamins | No White Cast | Broad Spectrum PA ++++ | For Women & Men | 50g,(Aqua Octocrylene Diisopropyl Adipate Propylene Glycol Dicaprylate/Dicaprate C12-15 Alkyl Benzoate Diisopropyl Sebacate Butyl Methoxydibenzoylmethane Isododecane Niacinamide Arachidyl Alcohol Behenyl Alcohol Arachidyl Glucoside Caprylic/Capric Triglyceride Titanium Dioxide Ethylhexyl Triazone PEG-100 Stearate Glyceryl Stearate Butylene Glycol Linoleic Acid Linolenic Acid Panthenol Sodium Hyaluronate Allantoin Tocopherol Acetate Retinol Polysorbate 20 Hydroxyethyl Acrylate/Sodium Acryloyldimethyl Taurate Copolymer Xanthan Gum Polyacrylate Crosspolymer-6 Silica Acacia Gum Phenoxyethanol Ethylhexylglycerin Trisodium Ethylenediamine Disuccinate),50
Neutrogena Sunscreen SPF 50+ - 80.0 grams Oil,(Water Homosalate Ethylhexyl Salicylate Benzophenone-3 Octocrylene Butyl Methoxydibenzoylmethane Silica Styrene/Acrylates Copolymer Potassium Cetyl Phosphate Beeswax Glyceryl Stearate PEG-100 Stearate Cetyl Dimethicone Caprylyl Methicone Dimethicone Ethylhexyglycerin Behenyl Alcohol Sodium Polyacrylate Xanthan Gum Dimethicone/PEG-10/15 Crosspolymer Acrylates/C12-22 Alkyl Methacrylate Copolymer Fragrance Disodium EDTA Ethylhexyl Stearat BHT Trideceth-6 Polyaminopropyl Biguanide Methylisothiazolinone Diethylhexyl 2 6-Naphthalate),50
The Derma Co 1% Hyaluronic Sunscreen Aqua Ultra Light Gel with SPF 50 PA++++ For Broad Spectrum UV UV B & Blue Light Protection - 50g(dermaco),(Aqua C12-15 Alkyl Benzoate Ethylhexyl Methoxycinnamate Dimethicone Sodium Acrylates Copolymer Butyl Methoxydibenzoylmethane Hyaluronic Acid Glycerin Benzophenone-3 1 3 Butylene glycol Phenoxyethanol Lecithin Aloe Barbadensis (Aloe Vera) Leaf Juice Xylitol Glucose Sodium Levulinate Phospholipids Propylene Glycol Ethoxydiglycol Anhydroxylitol Oxothiazolidine Helianthus Annuus (Sunflower) Seed Oil Glyceryl Stearate Allantoin D-Alpha Tocopheryl Acetate Phoenix Dactylifera Extract Vaccinum Sect Cyanococcus (Blueberry) Fruit Extract Citrus Paradisi (Grapefruit) Extract Zinc Oxide Cyclopentasiloxane PEG-10 Dimethicone E-Ascorbic Acid C9-12 Alkane Hydrogen Dimethicone Titanium Dioxide Aluminum Hydroxide and Polyhydroxystearic Acid),50
Aqualogica Glow+ Dewy Sunscreen SPF 50 PA+++ For UVA/B & Blue Light Protection for Glowing & Well Protected Skin Cream 50G,(Aqua Titanium Dioxide Suncat DE Sodium Polyacrylate Glycerin Zinc Oxide Xylitol Phospholipids Caprylic Acid Glyceryl Stearate Dimethicone Hyaluronic Acid Helianthus Annuus (Sunflower) Seed Oil D-AlphaTocopheryl Acetate Ceramide 11 Carica Papaya (Papaya) Fruit Extract Aloe Barbadensis Leaf Juice (Aloe Vera) Sodium Lactate Trehalose Sodium Benzoate E-Ascorbic acid (Vitamin C) Sodium Levulinate Phenoxyethanol Allantoin Melanin),50
Biotique Sun Shield Sandalwood 50+SPF UVB Sunscreen Ultra Protective Lotion For All Skin Types 120ml,(Safed Chandan (Santalum album)Ashwagandha (Withania somnifera) Nag kesar(Mesua ferrea) Ankurit Gehun (Triticum vulgare) Madhu (Honey)Arjun (Terminalia arjuna) Rakt Chandan (Pterocarpus santalinus) Lodhra (Symplocos racemosa) Mom (Bees wax) Sunfloweroil Himalayan Water Q.S),50
Jovees Broad Spectrum Sunscreen Powder With SPF 30 | Prevents Sunburns Skin Damage & Uneven Skin Tone | Natural Mineral Based Ingredients 50 G (Pack of 2),(Light kaolin Zinc oxide Corn starch TinosorbÂ® M TinosorbÂ® S Titanium dioxide Oat powder Almond powder Sandal powder Talc Yellow Iron Oxide Red Iron Oxide Menthol),30
Dr. Sheth's Sunscreen SPF 50 Cream with Ceramide & Vitamin C for Oily Sensitive Dry Skin | For Intense Hydration | Non Greasy Quick Absorbing | Zero White Cast | PA+++ | For Women & Men | 50g,(Aqua Titanium Dioxide Ethylhexyl Methoxycinnamate Butyl Methoxydibenzoylmethane Octocrylene 1 3 Butylene glycol Lecithin Phenoxyethanol Sodium Polyacrylate Glycerin Zinc Oxide Xylitol Terminalia Ferdinandiana Fruit Extract Phospholipids Caprylic Acid Glyceryl Stearate E-Ascorbic acid Dicaprylyl carbonate Hyaluronic Acid Helianthus Annuus(Sunflower) Seed Oil D-AlphaTocopheryl Acetate Ceramide NP Ceramide AP Ceramide EOP Phytosphingosine Cholesterol),50
Mamaearth Daily Glow Sunscreen SPF 50 PA+++ No White Cast with Vitamin C & Turmeric for Sun Protection & Glow - 50 g,(Aqua Octisalate C12-15 Alkyl Benzoate Octocrylene Sorbitan Stearate Sucrose Cocoate Homosalate Butyl Methoxydibenzoylmethane Zinc Oxide Cetearyl Ethylhexanoate Propylene Glycol Cetearyl Alcohol Glyceryl Stearate Glycerin Hydroxyethyl Acrylate/Sodium Acryloyldimethyl Taurate Copolymer Phenoxyethanol Ethylhexyl Triazone Tinosorb-M Turmeric Root Extract Orange Peel Extract (Vitamin C) Lemon Fruit Extract Butylated Hydroxy Toluene Disodium EDTA Citric Acid & IFRA Certified Allergen Free Fragrance),50
WOW Skin Science Sunscreen SPF 55 PA+++ Matte Look Ultra Light | Broad Spectrum- UVA&UVB Protection |No White Cast | With Raspberry rich in Vitamin Avocado and Carrot Seed Extract | No Parabens Sulphates |All Skin Types | For Women & Men- 100ml,(Purified Water Octyl methoxycinnamate (and) Octocrylene (and) Butyl Methoxydibenzoylmethane (and) Homosalate Glyceryl Monostearate Caprylic/Capric Triglycerides Glycerin (Vegetable Derived) Cetostearyl Alcohol Stearic Acid Titanium Dioxide Aluminum Starch Octenylsuccinate Brassica Campestris/Aleurites Fordi Oil Copolymer Raspberry Extract Avocado Oil Carrot Seed Extract Phenoxyethanol Capryloyl Glycine (and) Undecylenoyl Glycine Tocopheryl Acetate (Vitamin E) Sodium Benzoate Fragrance Acrylates/C10-30 Alkyl Acrylate Crosspolymer Triethanolamine & Disodium EDTA),55
Jovees Sunscreen Face Serum SPF 65 with Green tea Carrot and Sunflower extract Broad spectrum Sun protection Light weight & Water Resistant- For Oily & Acne Prone Skin - 30ml,(Carrot extract Green tea extract Chamomile extract Olive oil Jojoba oil Sunflower oil Sesame oil Vitamin E Glyceryl stearate Cetyl alcohol Dicaprylyl Carbonate Octyl methoxy cinnamate Benzophenone-3 Alkyl benzoate TinosorbÂ® M Zinc oxide Titanium dioxide Glycerin Phenoxyethanol & Ethyl hexyl glycerin Parfum Purified water),65
La Shield SPF 40 & PA+++ Mineral Based Sunscreen Gel | Suitable For All Skin Types 50 Grams, (Cyclopentasiloxane Dimethicone Crosspolymer Octinoxate C12-15 Alkyl Benzoate Diethylamino Hydroxybenzoyl Hexyl Benzoate Bis-Ethylhexyloxyphenol Methoxyphenyl Triazine) Divinyldimethicone/Dimethicone/Phenylsilsesquioxane Crosspolymer Talc Titanium Dioxide Diethylhexyl Butamido Triazone Silicon Dioxide Colloidal Silicon Dioxide Fragrance Dimethicone,40
"Dr. Sheth's Ceramide & Vitamin C Sunscreen SPF 50+ PA+++ | For Deep Moisturization | Non-Greasy, Quick-Absorbing | Zero White Cast | For Women & Men | UVA UVB Sun Protection | 50g","(Aqua,Titanium Dioxide, Ethylhexyl Methoxycinnamate, Butyl Methoxydibenzoylmethane, Octocrylene, 1,3 Butylene glycol, Lecithin, Phenoxyethanol, Sodium Polyacrylate, Glycerin, Zinc Oxide, Xylitol, Terminalia Ferdinandiana Fruit Extract, Phospholipids, Caprylic Acid, Glyceryl Stearate, E-Ascorbic acid, Dicaprylyl carbonate, Hyaluronic Acid, Helianthus Annuus(Sunflower) Seed Oil, D-AlphaTocopheryl Acetate, Ceramide NP, Ceramide AP, Ceramide EOP, Phytosphingosine, Cholesterol)",50
"Dot & Key Vitamin C + E Super Bright Sunscreen SPF 50 | Water-Light, UVA/UVB & Blue Light Protection | For Even Toned & Glowing Skin | With Liquid SPF 50+++ | No White Cast, | For All Skin Types | 50g","(Aqua, Ethylhexyl Methoxycinnamate (and) Butyl Methoxydibenzoylmethane (and) Benzophenone-3 (and) Phospholipids, Diethylhexyl Carbonate, Titanium Dioxide (and) Silica, Glyceryl Citrate/Lactate/Linoleate/Oleate, Caprylic/Capric Triglyceride, Coco-Caprylate/Caprate, Glycerin, Propanediol, Polyacrylate-13 (and) Polyisobutene (and) Polysorbate 20, Polyacrylate Crosspolymer 6 , Ascorbyl Glucoside , Fructooligosaccharides (and) Beta Vulgaris Root Extract, Tocopheryl Acetate, Terminalia Ferdinandiana (Kakadu Plum) Fruit Extract, Citrus Cinennsis (Blood Orange) Fruit Extract, Phenoxyethanol , Ethylhexylglycerin, Trisodium Ethylenediamine Disuccinate, Xanthan Gum, Citric Acid)",50
"Fixderma Shadow Sunscreen SPF 30+ Gel Sunscreen For Oily Skin, Sun Screen Protector SPF 30 For Body & Face, Broad Spectrum For UVA & UVB Protection Non Greasy & Water Resistant For Unisex, 40g","(Octinoxate, Benzophenone-4, Zinc Oxide, Avobenzone)",30
"Dot & Key Watermelon Hyaluronic Cooling Sunscreen SPF 50 PA+++| for Oily, Normal & Combination Skin | UV + Blue Light Protection | Lightweight | No White Cast | Boosts Vitamin D Absorption I Quick Absorbing | 50g","(Aqua, Ethylhexyl Methoxycinnamate, Butyl Methoxydibenzoylmethane, Benzophenone-3, Phospholipids, 1,3 Butylene Glycol, Glycerin, Starch, C12-15 Alkyl Benzoate, Titanium Dioxide, Silica, Dimethicone, Aloe Barbadensis Leaf Juice, Ethylhexyl Palmitate, Isopropyl Myristate, Citrullus Lanatus (Watermelon) Fruit Extract, Acrylates/C10-30 Alkyl Acrylate Crosspolymer, Sorbitan Stearate, Sucrose Cocoate, Sodium Lactate, Glyceryl Stearate, PEG-100 Stearate, Betaine, Fructooligosaccharides, Beta Vulgaris (Beet) Root Extract, Tocopheryl Acetate, Menthyl Lactate, Oxothiazolidine, Phenoxyethanol, Sodium Benzoate, Sodium Hydroxide, Sodium Gluconate, Sodium Hyaluronate)",50
"Aqualogica Radiance+ Dewy Sunscreen Cream With Watermelon & Niacinamide | Spf 50+ |Pa+++ | Protects From Uva, Uvb | For Complete Sun Protection | 50 G","(Aqua, Suncat DE, Starch, C12-15 Alkyl Benzoate, Parsol TX, Aloe Barbadensis Leaf Juice, Glycerin, Acrylates/C10-30 Alkyl Acrylate Crosspolymer, Silica, Niacinamide, Sodium Lactate, Ethylhexyl Palmitate, Isopropyl Myristate, Steareth-2, Betaine, Citrullus Lanatus (Watermelon) Fruit Extract, Tocopheryl Acetate, Phenoxyethanol, Sodium Benzoate, Sodium Gluconate, Sodium Hydroxide, IFRA Certified Allergen Free Fragrance)",50
"Neutrogena Ultra sheer Sunscreen, SPF 50+, Ultra light, for oily and dry skin, 30ml","(Water, Homosalate, Ethylhexyl Salicylate, Benzophenone-3, Octocrylene, Butyl Methoxydibenzoylmethane, Silica, Styrene/Acrylates Copolymer, Potassium Cetyl, Phosphate, Beeswax, Glyceryl Stearate, PEG-100 Stearate, Cetyl Dimethicone, Caprylyl Methicone, Dimethicone, Ethylhexyglycerin, Behenyl Alcohol, Sodium Polyacrylate, Xanthan Gum, Dimethicone/PEG-10/15 Crosspolymer, Acrylates/C12-22 Alkyl Methacrylate Copolymer, Fragrance, Disodium EDTA, Ethylhexyl Stearate, BHT, Trideceth-6, Polyaminopropyl Biguanide, Methylisothiazolinone, Diethylhexyl 2, 6-Naphthalate)",50
"Aqualogica Glow+ Dewy Sunscreen SPF 50 PA+++ For UVA/B & Blue Light Protection, for Glowing & Well Protected Skin, Cream, 50G","(Aqua,Titanium Dioxide, Suncat DE, Sodium Polyacrylate, Glycerin, Zinc Oxide, Xylitol, Phospholipids, Caprylic Acid, Glyceryl Stearate, Dimethicone, Hyaluronic Acid, Helianthus Annuus (Sunflower) Seed Oil, D-AlphaTocopheryl Acetate, Ceramide 11, Carica Papaya (Papaya) Fruit Extract, Aloe Barbadensis Leaf Juice (Aloe Vera), Sodium Lactate, Trehalose, Sodium Benzoate, E-Ascorbic acid (Vitamin C), Sodium Levulinate, Phenoxyethanol, Allantoin, Melanin)",50
"Aqualogica Detan+ Dewy Lightweight Sunscreen with SPF 50+ & PA++++ for UVA/B & Blue Light Protection, Tan Removal & No White Cast - 50g","(Aqua, C12-15 Alkyl Benzoate, Ethylhexyl Methoxycinnamate, Dimethicone, Sodium Acrylates Copolymer, Butyl Methoxydibenzoylmethane, Glycerin, Benzophenone-3, 1,3-Butylene Glycol, Phenoxyethanol, Lecithin, Sodium Levulinate, Xylitol, Glucose, Propylene Glycol, Phospholipids, Ethoxydiglycol, Niacinamide, Oxothiazolidine, Anhydroxylitol, Aloe Vera Leaf Juice, Allantoin, Glyceryl Stearate, D-Alpha Tocopheryl Acetate, Blueberry Fruit Extract, Grapefruit Extract, Date Palm Extract, Glyceryl Glucoside, Zinc Oxide, Cyclopentasiloxane, Hyaluronic Acid, PEG-10 Dimethicone, Sunflower Seed Oil, E-Ascorbic Acid, Cherry Tomato Extract, C9-12 Alkane, Hydrogen Dimethicone, Titanium Dioxide, Aluminum Hydroxide and Polyhydroxystearic Acid)",50
"Aqualogica Radiance+ Dewy Sunscreen Cream With Watermelon & Niacinamide | Spf 50+ |Pa+++ | Protects From Uva, Uvb | For Complete Sun Protection | 50 G","(Aqua, Suncat DE, Starch, C12-15 Alkyl Benzoate, Parsol TX, Aloe Barbadensis Leaf Juice, Glycerin, Acrylates/C10-30 Alkyl Acrylate Crosspolymer, Silica, Niacinamide, Sodium Lactate, Ethylhexyl Palmitate, Isopropyl Myristate, Steareth-2, Betaine, Citrullus Lanatus (Watermelon) Fruit Extract, Tocopheryl Acetate, Phenoxyethanol, Sodium Benzoate, Sodium Gluconate, Sodium Hydroxide, IFRA Certified Allergen Free Fragrance)",50
"Foxtale Essentials Daily Glow Sunscreen SPF 50 PA+++ with Vitamin C and Niacinamide, UVA and UVB filters - No White Cast, Non-Greasy Formula, Anti-Tan Formula, For Men & Women, 50 ml","(Aqua, C12-15 Alkyl benzoate, Propylene glycol, Diethylamino Hydroxybenzoyl Hexyl Benzoate, Dimethicone, Cetearyl Olivate (and) Sorbitan Olivate, Ethylhexyl Triazone, Glyceryl monostearate, Phenoxyethanol, Ethylhexylglycerin, Octenidine HCl, Niacinamide, Tris-Biphenyl Triazine (and) Aqua (and) Decyl Glucoside (and) Butylene Glycol (and) Disodium Phosphate (and) Xanthan Gum, Acrylates/C10-30 Alkyl Acrylate Crosspolymer, Simethicone, Ethyl ascorbic acid, Tocopherol, Aminomethyl propanol, Disodium EDTA, Allergen free fragrance)",50
Fixderma Shadow Sunscreen SPF 50+ Cream | Sunscreen for Dry Skin | Sunscreen for UVA & UVB Protection | Non Greasy & Water Resistant - 40 gm,"(Octinoxate, Titanium dioxide, Avobenzone, Benzophenone-4)",50
"Reequil Ultra Matte Dry Touch Sunscreen Gel | Matte Finish Sunscreen for All Skin Types | Water & Sweat Resistant with SPF 50 PA++++ | No White Cast, Non-greasy & Non-comedogenic Sunscreen | 50g","(Cyclopentasiloxane & Dimethicone Cross Polymer, Caprylyl Methicone and PEG-10 Dimethicone/ PPG-20 Crosspolymer, Octinoxate, C12-15 Alkyl Benzoate, Diethylamino Hydroxybenzoyl Hexyl Benzoate, Diethylhexyl Butamido Triazone, Caprylyl Methicone, Zinc Oxide, Titanium Dioxide, Bisethylhexyloxyphenol Methoxyphenyl Triazine, Caprylic Capric Triglyceride, Physalis Angulata Extract, Diethylhexyl Syringylidenemalonate, Fragrance)",50
"Dr. Sheth's Haldi & Hyaluronic Acid Cream Sunscreen With 1% Hyaluronic Acid & 1% Turmeric Extract, Spf 50+ PA+++ Hydrating & Brightening, Protects Against UVA/UVB & Blue Light For Unisex, 50g","(Aqua,Ethylhexyl Methoxycinnamate, Butyl Methoxydibenzoylmethane, Octrylene, Phospholipids, 1,3-Butylene Glycol, Propendiol, Helianthus Annuus (Sunflower) Seed Oil, Sodium Polyacrylate, Xylitol, Curcuma Longa Root Extract, Caprylic Acid, Glyceryl Stearate, Cylopentasiloxane, Titanium Dioxide , Zinc Oxide (and) Coco-Caprylate/Caprate (and) Polyglyceryl-3 Polyricinoleate (and) Isostearic Acid,Hyaluronic Acid, Aloevera leaf juice, Phenoxyethanol, Trehalose, Hydrolyzed Vegetable Protein, Tocopherol Acetate, Allantoin, Licorice extract, Sodium Benzoate, Benzyl alcohol, Melanin, sodium gluconate)",50
Plum 2% Niacinamide & Rice Water Hybrid Face Sunscreen with SPF 50 PA+++ | Protects & Brightens Skin | No White Cast | Reduces Blemishes | Non-Greasy | UVA & UVB Protection | All Skin Types | 50 g,"(Aqua, Ethylhexyl Methoxycinnamate, Butyl Methoxydibenzoylmethane, Benzophenone-3, Phospholipids, 1,3-Butylene Glycol, Propanediol, Niacinamide, Glycerin, Titanium Dioxide, Silica, Dimethicone, Rice Ferment Filtrate, Oryza Sativa (Rice) Extract, Benzyl Alcohol, Hydroxyacetophenone, Caprylyl Glycol, Ammonium Acryloyldimethyltaurate/VP Copolymer, Sodium Polyacryloyldimethyl Taurate, D-Panthenol, Sodium Benzoate, Potassium Sorbate, Sodium Gluconate)",50
"SunScoop Hydrating Face & Body Fluid Sunscreen Spray | SPF 60 PA++++ | Water Resistant With Zinc Oxide | Broad Spectrum, No White Cast, Non-Comedogenic Quick Absorbing | For Men & Women | 125ml","(Purified Water, Ethylhexyl Salicylate,Butyl Methoxydibenzoylmethane, Octocrylene, Glycerine, Betaine, Coco-Caprylate, Zinc Oxide, Stearic Acid, Phenoxyethanol, Cetyl Alcohol, Glyceryl Monostearate, Ammonium Acryloyldimethyltaurate/VP Copolymer, Propylene Glycol, Menthol, Methyl Di isopropyl Propionamide, Ethyl Methane Carboxamide, Menthyl Lactate, Hydroxypropyl Cellulose, Tocopheryl Acetate, Aloe Barbadensis Leaf Extract, Chamomilla Recutita Flower Extract, Avena Sativa Kernel Milk Extract, Caesalpinia Spinosa Fruit Extract, Helianthus Annuus Sprout Extract, Citrus Aurantium Dulcis Peel Oil, Rosmarinus Officinalis Leaf Oil, Propylene Glycol, Sodium Benzoate, Disodium EDTA, Sodium Hydroxide)",60
"Aroma Magic Sunscreen Sun Block Lotion, SPF 30, 50ml","(Purified Water, Organic Beeswax, Zinc Oxide, Daucus Carota Sativa Seed Oil, Vegetable Glycerin, Triticum Vulgare Germ Oil, Camellia Sinensis Extract, Aloe Barbadensis Gel, Simmondsia Chinensis Seed Oil, Anthemis Nobilis Essential Oil, Ascorbic Acid, Helichrysum Flower Essential Oil, Calendula Officinalis Essential Oil, Sodium Riboflavin Phosphate, Panthenol)",30
"Mamaearth Daily Glow Sunscreen SPF 50 PA+++, No White Cast with Vitamin C & Turmeric for Sun Protection & Glow - 50 g","(Aqua, Octisalate, C12-15 Alkyl Benzoate, Octocrylene, Sorbitan Stearate, Sucrose Cocoate, Homosalate, Butyl Methoxydibenzoylmethane, Zinc Oxide, Cetearyl Ethylhexanoate, Propylene Glycol, Cetearyl Alcohol, Glyceryl Stearate, Glycerin, Hydroxyethyl Acrylate/Sodium Acryloyldimethyl Taurate Copolymer, Phenoxyethanol, Ethylhexyl Triazone, Tinosorb-M, Turmeric Root Extract, Orange Peel Extract (Vitamin C), Lemon Fruit Extract, Butylated Hydroxy Toluene, Disodium EDTA, Citric Acid & IFRA Certified Allergen Free Fragrance)",50
"RE' EQUIL Oxybenzone and OMC Free Sunscreen For Oily, Sensitive & Acne Prone Skin, SPF 50 PA+++ - 50g","(Aqua, Octocrylene, Tris-Biphenyl Triazine (nano), Octisalate, Isoamyl Laurate, Neopentyl Glycol Diheptanoate, Bis-ethylhexyloxyphenol methoxyphenyl triazine (Bemotrizinol), Glycerin, Propanediol, Cetearyl Alcohol, Caprylyl Methicone, Hydrogenated Polydecene, Aloe vera Extract, Eurol Bt, Tocopheryl Acetate (Vitamin E ), Sodium Acrylates Copolymer, Xanthan Gum, Silica, Microcrystalline Wax, PPG-1 Trideceth-6, Dimethicone, Potassium Cetyl Phosphate, Phenoxyethanol, Ethylhexyl glycerin, Sodium Hydroxide, Fragrance)",50
"La Shield Pollution Protect Mineral Sunscreen Gel Spf 50, WHITE, 50 gram","(Water , octinoxate, zinc oxide)",50
"Beauty of Joseon SPF 50 Relief Sun Cream, 50ml, Set of 1","(Water, Oryza Sativa (Rice) Extract (30%), Dibutyl Adipate, Propanediol, Diethylamino Hydroxybenzoyl Hexyl Benzoate, Polymethylsilsesquioxane, Ethylhexyl Triazone, Niacinamide, Methylene Bis-Benzotriazolyl Tetramethylbutylphenol, Coco-Caprylate/?Caprate, Caprylyl Methicone, Diethylhexyl Butamido Triazone, Glycerin, Butylene Glycol, Oryza Sativa (Rice) Germ Extract, Camellia Sinensis Leaf Extract, Lactobacillus/?Pumpkin Ferment Extract, Bacillus/?Soybean Ferment Extract, Saccharum Officinarum (Sugarcane) Extract, Macrocystis Pyrifera (Kelp) Extract, Cocos Nucifera (Coconut) Fruit Extract, Panax Ginseng Root Extract, Monascus/?Rice Ferment, Pentylene Glycol, Behenyl Alcohol, Poly C10-30 Alkyl Acrylate, Polyglyceryl-3 Methylglucose Distearate, Decyl Glucoside, Tromethamine, Carbomer, Acrylates/?C10-30 Alkyl Acrylate Crosspolymer, 1,2-Hexanediol, Sodium Stearoyl Glutamate, Polyacrylate Crosspolymer-6, Ethylhexylglycerin, Adenosine, Xanthan Gum, Tocopherol, Lactobacillus/?Rice Ferment, Aspergillus Ferment, Saccharomyces/?Rice Ferment Filtrate)",50
WishCare SPF50 Sunscreen Body Lotion - Broad Spectrum - UVA & UVB Protection with No White Cast - With Carrot Seed & Raspberry - For Men & Women - 200 Ml,"(Aqua, Octocrylene, Octyl Salicylate, Glycerine, Glyceryl Monosterate, Cetyl Alcohol, Cetosteryl Alcohol, Emulsifying Wax, Acrylate Crosspolymer, Tinosorb-M, Olive Squalane, Black Sesame Seed Oil, Safflower Oil, Isopropyle Palmitate, Niacinamide, Green Tea Extract, Xanthum Gum, Hydroxyethyl Cellulose, Phenoxyethanol, Ethylhexyl Glycerin, Potassium Sorbate, Sodium Benzoate, Citric Acid)",50
"Biotique Morning Nectar Sun Protect Moisturizer SPF 30 UVA/UVB Sunscreen| Contains Wild Turmeric, Neem Leaves, & Morning Nectar | Visibly Flawless Skin | Suitable for All Skin Types | 120 ml","(Ghritkumari (Aloe barbedensis), Methi (Trigo foenum graecum), Madhu (Honey), Ankurit gehun (Tritcum vulgare), Kusumbhi (Carthamus tinstorious), Lotion base Q.S)",30
"Aqualogica Hydrate+ Sunscreen with SPF 50 For UVA/B & Blue Light Protection, Gel, 50G","(Aqua, Titanium Dioxide, Suncat DE, Sodium Polyacrylate, Glycerin, Zinc Oxide, Xylitol, Phospholipids, Caprylic Acid, Glyceryl Stearate, Dimethicone, Hyaluronic Acid, Helianthus Annuus, (Sunflower) Seed Oil, D-Alpha Tocopherol Acetate, Ceramide 11, Coconut Water, Aloe Barbadensis Leaf Juice, Sodium Lactate, Trehalose, Sodium Benzoate, E-Ascorbic Acid, Sodium Levulinate, Phenoxyethanol, Allantoin, Melanin, Added Food Colour, IFRA Certified Allergen Free Fragrance)",50
"Earth Rhythm Ultra Defence Sunscreen SPF 50 | PA++++,Non Sticky/Non Greasy, Leaves No White Cast | For Oily, Sensitive, Acne Prone or Dry Skin| Men & Women - 30 ml","(Distilled Water, Sodium Polyacrylate,Dimethicone, Cyclopentasiloxane , Trideceth-6 , PEG/PPG-18/18 Dimethicone, Bis-ethylhexyloxyphenol Methoxyphenyl Triazine, Diethylamino Hydroxybenzoyl Hexyl Benzoate, Zinc Oxide, Polyacrylate Crosspolymer-6, Tocopherol, Phenoxyethanol, Triethylene Glycol)",50
"The Derma Co Pore Minimizing Priming Cream Sunscreen with SPF 50 & PA+++ for Open Pores & UVA/UVB Protection, 50g","(Aqua, Ethylhexyl Methoxycinnamate, Butyl Methoxydibenzoylmethane, Benzophenone-3, Phospholipids, 1,3 Butylene Glycol, Niacinamide, Glycerin, Starch, C12-15 Alkyl Benzoate, Titanium Dioxide, Silica, Dimethicone, Aloe Barbadensis Leaf Juice, Ethylhexyl Palmitate, Isopropyl Myristate, Phenoxyethanol, Acrylates/C10-30 Alkyl Acrylate Crosspolymer, Sodium Lactate, Sorbitan Stearate, Sucrose Cocoate, Glyceryl Stearate, PEG-100 Stearate, Cinnamomum Cassia Bark Extract, Zingiber Officinale (Ginger) Root Extract, Sanguisorba Officinalis Root Extract, Lens Esculenta (Lentil) Seed Extract, Allantoin, Propanediol, Maclura Cochinchinensis Leaf Prenylflavonoids, Tocopheryl Acetate, Hamamelis Virginiana (Witch Hazel) Extract, Sodium Benzoate, Sodium Hydroxide, Sodium Gluconate and Sodium Hyaluronate)",50
"Deconstruct Face Gel Sunscreen SPF 55+ and PA+++ | Gel based sunscreen for oily skin, combination skin, normal skin | Broad spectrum sunscreen, No White Cast, Lightweight, Non greasy - 50g","(Aqua, Glycerine, Cetearyl Olivate, Sorbitan Olivate, Ethylhexyl Methoxycinnamate, Glyceryl Behenate, Butyl Methoxydibenzoylmethane, Sodium Polyacrylate Starch, Benzophenone-3, 1,3-Butylene Glycol, Phenoxyethanol, Ethylhexylglycerin, Butyloctyl Salicylate, Phospholipids, Sodium gluconate, Triethanolamine, Acrylates/C10-30 Alkyl Acrylate Crosspolymer)",55
"WishCare Invisible Gel Sunscreen SPF 50+ PA++++ - Ultra Light Weight, Oil Free with Broad Spectrum Protection & No White Cast - 50 Grams","(Aqua, Propylene Glycol, Octocrylene, Octyl Salicylate, Squalane, Glycerine, C12-15 Alkyl Benzoate, Tinosorb M, Tinosorb S, Sunflower Oil, Coconut Oil, Shea Butter, Cocoa Butter, Raspberry Fruit, Hydroxyethyl Cellulose, Disodium EDTA, Zc Oxide, Titanium Dioxide, Hyaluronic Acid, Potassium, Sorbate, Sodium Benzoate, Green Tea, Phenoxyethanol, Ethylhexylglycerin)",50
"Dr. Sheth's Centella & Niacinamide Sunscreen With SPF 50 PA+++ For Oily & Acne-Prone Skin, Dry Touch Matte Finish, Controls Excess Oil, Water-Resistant, Protects Against UVA & UVB Rays, 50g","(Cyclopentasiloxane, Dimethicone Vinyl Dimethicone Crosspolymer, Octyl Methoxycinnamate, Caprylyl Methicone , PEG-12 Dimethicone/PPG-20 Crosspolymer, C12-15 Alkyl Benzoat, Zinc Oxide , Triethoxycaprylylsilane, Diethylhexyl butamido triazone, Diethylamino Hydroxybenzoyl Hexyl Benzoate, Niacinamide, Tapioca Starch, Polymethylsilsesquioxane, Titanium Dioxide , Alumina  , Simethicone, Caprylyl methicone, Bis-Ethylhexyloxyphenol Methoxyphenyl Triazine, Dicaprylyl Carbonate, Centellae Extract, Diethylhexyl Syringylidenemalonate , Caprylic/Capric Triglyceride)",50
"The Derma Co 1% Hyaluronic Tinted Sunscreen SPF 60 Gel, PA++++, No White Cast, Lightweight, Broad Spectrum Protection - 30g","(Cyclopentasiloxane, Dimethicone Crosspolymer, Zinc Oxide, Coco-Caprylate/Caprate, Polyglyceryl-3 Polyricinoleate ,Isostearic Acid, Titanium Dioxide, Dimethicone, Hyaluronic Acid, Thermus Thermophillus Ferment, Iron Oxides ,Hydrogenated Polydecene , Polyhydroxystearic Acid & Phenoxyethanol)",60
Minimalist Sunscreen Cream SPF 60 PA ++++ | Pregnancy Safe | Photo stable | No White Cast With Potent Antioxidants | For All Skin Types | 50 gm,"(Aqua, Isododecane, Diethylamino Hydroxybenzoyl Hexyl Benzoate, Diisopropyl Adipate, Propylene Glycol Dicaprylate/Dicaprate, C12-15 Alkyl Benzoate, Diisopropyl Sebacate, Ethylhexyl Triazone, Arachidyl Alcohol, Behenyl Alcohol, Arachidyl Glucoside, Bis-Ethylhexyloxyphenol Methoxyphenyl Triazine, Titanium Dioxide, Nylon-12, Caprylic/Capric Triglyceride, PEG-100 Stearate, Glyceryl Stearate, Butylene Glycol, Silybum Marianum Fruit Extract, Sodium Hyaluronate, Tocopherol Acetate, Silica, Xanthan Gum, Hydroxyethyl Acrylate/Sodium Acryloyldimethyl Taurate Copolymer, Polyacrylate Crosspolymer-6, Acacia Gum, Allantoin, Phenoxyethanol, Ethylhexylglycerin, Trisodium Ethylenediamine Disuccinate)",60
Moody Sunscreen With Hyaluronic & SPF 50 PA +++ UVA/B Broad Spectrum Protection Dewy Skin | No White Cast with 7D Hydro Burst | Sweat proof | Men & Women | Paraben Free | 50 ml,"(Aqua, Octyl methoxy cinnamate, Octocrylene, Butyl methoxy di benzoyl methane Glycerine, Propanediole, Dicaprylyl carbonate, Cocos Nucifera (Coconut) Fruit Extract , Hydrolyzed hyaluronic acid, Aloe barbadensis(Aloevera) leaf juice, Panthenol, Tocopheryl acetate, Xanthan gum, Sorbitol, Titanium di oxide, Polyacrylate-13, Poly iso butene, Cetearyl alcohol, alcohol,alkylglucoside ,Ceteareth- hydrogenated castor oil, Sodium gluconate, Ethylhexylglycerin,Phenoxyethanol)",50
,, 
,, 
